filip,svjetlanovic,fipas,filips,fipa@gmail.com
jovan,jovanovic,jovanj,jovan123,jovan@gmail.com
goran,goranovic,gorang,goran123,goran@gmail.com
srdjan,strkic,srdjo,strkic12,srdjan@gmail.com
sladja,simic,sladja^^,simics,sladja@gmail.com
stojan,stokic,stole,stojan227,stojan@gmail.com
nemanja,kajkut,neco,kajkutn,nemanja@gmail.com
jovana,jovic,joca,jovanaj,jovana@gmail.com
milos,maric,losmi,milosm,milos@gmail.com
dragan,stojic,gagi,dragans,dragan@gmail.com
slaven,simic,slava,slavensimic,slaven@gmail.com
stefan,stojanovic,stefo,stefosto,stefan@gmail.com
vukasin,kujundzic,vule,vukasink,vule@gmail.com
mile,stevic,stevo,mile123,mile@gmail.com
milka,miljanovic,milkica,milka123,milka@gmail.com
aleksandra,mitrovic,aca,aleks123,mitrovic@gmail.com
kosta,kostic,kosta_1,kosta123,kosta@gmail.com
milan,glamocic,mica,milan123,glamocic@gmail.com
milan,glamocic,mico,glama123,mico123@gmail.com
milance,savic,savara,savic123,savicmilance@gmail.com
sanja,stojnic,sanja_stojnic,sanja123,sanja@gmail.com
